1,Antonio,Stanley
2,Jean,Hunter
3,Bonnie,Fuller
4,Anthony,Cooper
5,Louis,Wallace
6,Ralph,Murphy
7,Joe,Lane
8,Andrea,Dean
9,Gregory,Hall
10,Sharon,Ward
11,Angela,Williams
12,Albert,Rose
13,Annie,Garrett
14,Ann,Stephens
15,Adam,Jacobs
16,Todd,Hicks
17,Howard,Garrett
18,Paul,Lawrence
19,Julie,Harrison
20,Benjamin,Harrison
21,Adam,Pierce
22,Mary,Martinez
23,Jimmy,Russell
24,Thomas,Campbell
25,Joyce,Weaver
26,Lisa,Hill
27,Edward,Wright
28,Stephen,Stanley
29,Kathryn,Lewis
30,Eric,Turner
31,Jennifer,Riley
32,Janice,Lee
33,William,Collins
34,Eric,Boyd
35,Todd,Oliver
36,Tina,White
37,Jennifer,Robinson
38,Roy,Mitchell
39,Arthur,Morales
40,Donna,Jordan
41,Todd,Bradley
42,Earl,Holmes
43,Russell,Evans
44,Sandra,Lawson
45,Scott,Romero
46,Jose,Arnold
47,Virginia,Jacobs
48,Helen,Bishop
49,Susan,White
50,Wayne,Bishop
